areaCode,areaName,areaType,date,newAdmissions,newAdmissionsChangePercentage,newAdmissionsRollingRate
K02000001,United Kingdom,overview,2021-06-02,126,-0.6,1.3
K02000001,United Kingdom,overview,2021-06-01,154,-0.1,1.3
K02000001,United Kingdom,overview,2021-05-31,123,-1.9,1.3
K02000001,United Kingdom,overview,2021-05-30,110,3.4,1.3
K02000001,United Kingdom,overview,2021-05-29,100,8.6,1.3
K02000001,United Kingdom,overview,2021-05-28,132,15.1,1.3
K02000001,United Kingdom,overview,2021-05-27,124,17.0,1.3
K02000001,United Kingdom,overview,2021-05-26,127,22.2,1.3
K02000001,United Kingdom,overview,2021-05-25,132,23.2,1.3
K02000001,United Kingdom,overview,2021-05-24,134,25.8,1.3
K02000001,United Kingdom,overview,2021-05-23,114,20.6,1.2
K02000001,United Kingdom,overview,2021-05-22,119,11.5,1.2
K02000001,United Kingdom,overview,2021-05-21,118,4.8,1.1
K02000001,United Kingdom,overview,2021-05-20,130,0.4,1.1
K02000001,United Kingdom,overview,2021-05-19,124,-5.4,1.1
K02000001,United Kingdom,overview,2021-05-18,125,-6.6,1.1
K02000001,United Kingdom,overview,2021-05-17,101,-8.8,1.0
K02000001,United Kingdom,overview,2021-05-16,78,-10.9,1.0
K02000001,United Kingdom,overview,2021-05-15,90,-9.7,1.1
K02000001,United Kingdom,overview,2021-05-14,94,-6.4,1.1
K02000001,United Kingdom,overview,2021-05-13,103,-6.3,1.1
K02000001,United Kingdom,overview,2021-05-12,116,-1.7,1.1
K02000001,United Kingdom,overview,2021-05-11,105,-0.4,1.1
K02000001,United Kingdom,overview,2021-05-10,103,-8.7,1.1
K02000001,United Kingdom,overview,2021-05-09,102,-7.3,1.2
K02000001,United Kingdom,overview,2021-05-08,108,-7.4,1.2
K02000001,United Kingdom,overview,2021-05-07,102,-11.5,1.2
K02000001,United Kingdom,overview,2021-05-06,120,-14.9,1.2
K02000001,United Kingdom,overview,2021-05-05,117,-18.7,1.2
K02000001,United Kingdom,overview,2021-05-04,101,-24.7,1.1
K02000001,United Kingdom,overview,2021-05-03,123,-15.6,1.2
K02000001,United Kingdom,overview,2021-05-02,119,-18.4,1.2
K02000001,United Kingdom,overview,2021-05-01,99,-16.8,1.3
K02000001,United Kingdom,overview,2021-04-30,110,-16.4,1.3
K02000001,United Kingdom,overview,2021-04-29,100,-12.3,1.4
K02000001,United Kingdom,overview,2021-04-28,108,-13.9,1.4
K02000001,United Kingdom,overview,2021-04-27,166,-10.2,1.5
K02000001,United Kingdom,overview,2021-04-26,132,-16.6,1.5
K02000001,United Kingdom,overview,2021-04-25,138,-14.8,1.5
K02000001,United Kingdom,overview,2021-04-24,128,-18.7,1.5
K02000001,United Kingdom,overview,2021-04-23,155,-17.9,1.6
K02000001,United Kingdom,overview,2021-04-22,119,-20.6,1.6
K02000001,United Kingdom,overview,2021-04-21,171,-20.2,1.6
K02000001,United Kingdom,overview,2021-04-20,134,-20.6,1.7
K02000001,United Kingdom,overview,2021-04-19,177,-19.7,1.8
K02000001,United Kingdom,overview,2021-04-18,141,-19.4,1.8
K02000001,United Kingdom,overview,2021-04-17,158,-15.0,1.9
K02000001,United Kingdom,overview,2021-04-16,157,-15.5,1.9
K02000001,United Kingdom,overview,2021-04-15,161,-14.3,2.0
K02000001,United Kingdom,overview,2021-04-14,196,-13.0,2.1
K02000001,United Kingdom,overview,2021-04-13,181,-12.4,2.1
K02000001,United Kingdom,overview,2021-04-12,205,-11.6,2.2
K02000001,United Kingdom,overview,2021-04-11,202,-10.7,2.2
K02000001,United Kingdom,overview,2021-04-10,183,-14.8,2.2
K02000001,United Kingdom,overview,2021-04-09,204,-14.9,2.3
K02000001,United Kingdom,overview,2021-04-08,206,-16.0,2.3
K02000001,United Kingdom,overview,2021-04-07,235,-19.0,2.4
K02000001,United Kingdom,overview,2021-04-06,223,-20.5,2.4
K02000001,United Kingdom,overview,2021-04-05,234,-23.0,2.5
K02000001,United Kingdom,overview,2021-04-04,197,-26.1,2.5
K02000001,United Kingdom,overview,2021-04-03,222,-25.5,2.6
K02000001,United Kingdom,overview,2021-04-02,237,-26.5,2.7
K02000001,United Kingdom,overview,2021-04-01,234,-26.5,2.8
K02000001,United Kingdom,overview,2021-03-31,269,-25.6,2.9
K02000001,United Kingdom,overview,2021-03-30,256,-25.4,3.0
K02000001,United Kingdom,overview,2021-03-29,250,-23.4,3.2
K02000001,United Kingdom,overview,2021-03-28,272,-23.3,3.4
K02000001,United Kingdom,overview,2021-03-27,270,-22.2,3.5
K02000001,United Kingdom,overview,2021-03-26,298,-21.6,3.6
K02000001,United Kingdom,overview,2021-03-25,338,-21.5,3.8
K02000001,United Kingdom,overview,2021-03-24,348,-20.5,3.9
K02000001,United Kingdom,overview,2021-03-23,366,-20.4,4.1
K02000001,United Kingdom,overview,2021-03-22,360,-21.5,4.2
K02000001,United Kingdom,overview,2021-03-21,357,-19.3,4.4
K02000001,United Kingdom,overview,2021-03-20,364,-19.8,4.5
K02000001,United Kingdom,overview,2021-03-19,381,-21.0,4.6
K02000001,United Kingdom,overview,2021-03-18,449,-20.8,4.8
K02000001,United Kingdom,overview,2021-03-17,446,-21.3,4.9
K02000001,United Kingdom,overview,2021-03-16,440,-21.2,5.1
K02000001,United Kingdom,overview,2021-03-15,500,-22.5,5.3
K02000001,United Kingdom,overview,2021-03-14,425,-24.9,5.4
K02000001,United Kingdom,overview,2021-03-13,461,-26.2,5.6
K02000001,United Kingdom,overview,2021-03-12,480,-24.2,5.9
K02000001,United Kingdom,overview,2021-03-11,550,-25.7,6.1
K02000001,United Kingdom,overview,2021-03-10,567,-26.5,6.3
K02000001,United Kingdom,overview,2021-03-09,579,-27.8,6.5
K02000001,United Kingdom,overview,2021-03-08,576,-27.0,6.9
K02000001,United Kingdom,overview,2021-03-07,536,-26.6,7.3
K02000001,United Kingdom,overview,2021-03-06,637,-27.3,7.6
K02000001,United Kingdom,overview,2021-03-05,599,-29.3,7.8
K02000001,United Kingdom,overview,2021-03-04,703,-29.6,8.2
K02000001,United Kingdom,overview,2021-03-03,714,-29.6,8.5
K02000001,United Kingdom,overview,2021-03-02,834,-29.2,9.0
K02000001,United Kingdom,overview,2021-03-01,821,-28.9,9.4
K02000001,United Kingdom,overview,2021-02-28,769,-28.7,9.9
K02000001,United Kingdom,overview,2021-02-27,741,-27.5,10.5
K02000001,United Kingdom,overview,2021-02-26,863,-26.5,11.0
K02000001,United Kingdom,overview,2021-02-25,968,-24.2,11.6
K02000001,United Kingdom,overview,2021-02-24,1020,-23.1,12.1
K02000001,United Kingdom,overview,2021-02-23,1119,-21.8,12.7
K02000001,United Kingdom,overview,2021-02-22,1118,-20.3,13.3
K02000001,United Kingdom,overview,2021-02-21,1155,-19.9,13.8
K02000001,United Kingdom,overview,2021-02-20,1087,-18.8,14.4
K02000001,United Kingdom,overview,2021-02-19,1271,-19.1,14.9
K02000001,United Kingdom,overview,2021-02-18,1336,-20.4,15.3
K02000001,United Kingdom,overview,2021-02-17,1408,-20.6,15.8
K02000001,United Kingdom,overview,2021-02-16,1492,-21.9,16.3
K02000001,United Kingdom,overview,2021-02-15,1502,-24.0,16.7
K02000001,United Kingdom,overview,2021-02-14,1534,-24.7,17.3
K02000001,United Kingdom,overview,2021-02-13,1426,-25.3,17.8
K02000001,United Kingdom,overview,2021-02-12,1507,-25.1,18.4
K02000001,United Kingdom,overview,2021-02-11,1678,-25.2,19.2
K02000001,United Kingdom,overview,2021-02-10,1725,-26.4,19.9
K02000001,United Kingdom,overview,2021-02-09,1753,-25.7,20.8
K02000001,United Kingdom,overview,2021-02-08,1920,-24.5,21.9
K02000001,United Kingdom,overview,2021-02-07,1849,-22.3,22.9
K02000001,United Kingdom,overview,2021-02-06,1891,-22.3,23.8
K02000001,United Kingdom,overview,2021-02-05,2004,-21.9,24.6
K02000001,United Kingdom,overview,2021-02-04,2142,-21.3,25.7
K02000001,United Kingdom,overview,2021-02-03,2358,-19.4,27.0
K02000001,United Kingdom,overview,2021-02-02,2479,-19.8,28.1
K02000001,United Kingdom,overview,2021-02-01,2600,-20.4,29.0
K02000001,United Kingdom,overview,2021-01-31,2403,-22.6,29.5
K02000001,United Kingdom,overview,2021-01-30,2472,-21.8,30.6
K02000001,United Kingdom,overview,2021-01-29,2685,-21.9,31.6
K02000001,United Kingdom,overview,2021-01-28,3041,-20.1,32.6
K02000001,United Kingdom,overview,2021-01-27,3057,-19.3,33.5
K02000001,United Kingdom,overview,2021-01-26,3145,-16.3,35.0
K02000001,United Kingdom,overview,2021-01-25,2930,-13.9,36.5
K02000001,United Kingdom,overview,2021-01-24,3109,-10.7,38.2
K02000001,United Kingdom,overview,2021-01-23,3111,-9.1,39.1
K02000001,United Kingdom,overview,2021-01-22,3391,-6.8,40.4
K02000001,United Kingdom,overview,2021-01-21,3633,-6.8,40.8
K02000001,United Kingdom,overview,2021-01-20,4044,-5.9,41.5
K02000001,United Kingdom,overview,2021-01-19,4160,-5.8,41.8
K02000001,United Kingdom,overview,2021-01-18,4062,-2.9,42.4
K02000001,United Kingdom,overview,2021-01-17,3748,-0.8,42.8
K02000001,United Kingdom,overview,2021-01-16,3939,0.9,43.1
K02000001,United Kingdom,overview,2021-01-15,3676,4.0,43.3
K02000001,United Kingdom,overview,2021-01-14,4100,7.6,43.8
K02000001,United Kingdom,overview,2021-01-13,4222,14.1,44.1
K02000001,United Kingdom,overview,2021-01-12,4578,19.9,44.4
K02000001,United Kingdom,overview,2021-01-11,4309,22.3,43.7
K02000001,United Kingdom,overview,2021-01-10,3933,25.0,43.1
K02000001,United Kingdom,overview,2021-01-09,4126,28.1,42.7
K02000001,United Kingdom,overview,2021-01-08,3998,30.3,41.7
K02000001,United Kingdom,overview,2021-01-07,4292,34.8,40.7
K02000001,United Kingdom,overview,2021-01-06,4392,33.5,38.6
K02000001,United Kingdom,overview,2021-01-05,4116,34.9,37.0
K02000001,United Kingdom,overview,2021-01-04,3936,35.9,35.7
K02000001,United Kingdom,overview,2021-01-03,3648,37.2,34.5
K02000001,United Kingdom,overview,2021-01-02,3439,38.4,33.3
K02000001,United Kingdom,overview,2021-01-01,3368,36.9,32.0
K02000001,United Kingdom,overview,2020-12-31,2915,31.5,30.2
K02000001,United Kingdom,overview,2020-12-30,3286,25.6,28.9
K02000001,United Kingdom,overview,2020-12-29,3249,20.5,27.4
K02000001,United Kingdom,overview,2020-12-28,3131,19.6,26.3
K02000001,United Kingdom,overview,2020-12-27,2871,17.7,25.1
K02000001,United Kingdom,overview,2020-12-26,2530,16.1,24.1
K02000001,United Kingdom,overview,2020-12-25,2182,14.7,23.3
K02000001,United Kingdom,overview,2020-12-24,2082,14.6,23.0
K02000001,United Kingdom,overview,2020-12-23,2274,18.6,23.0
K02000001,United Kingdom,overview,2020-12-22,2479,20.1,22.8
K02000001,United Kingdom,overview,2020-12-21,2368,17.6,22.0
K02000001,United Kingdom,overview,2020-12-20,2168,17.1,21.4
K02000001,United Kingdom,overview,2020-12-19,2044,16.4,20.7
K02000001,United Kingdom,overview,2020-12-18,1917,18.5,20.4
K02000001,United Kingdom,overview,2020-12-17,2144,19.1,20.0
K02000001,United Kingdom,overview,2020-12-16,2079,18.2,19.4
K02000001,United Kingdom,overview,2020-12-15,1957,18.1,18.9
K02000001,United Kingdom,overview,2020-12-14,1955,19.8,18.7
K02000001,United Kingdom,overview,2020-12-13,1753,19.9,18.2
K02000001,United Kingdom,overview,2020-12-12,1799,18.1,17.8
K02000001,United Kingdom,overview,2020-12-11,1686,15.7,17.2
K02000001,United Kingdom,overview,2020-12-10,1751,14.9,16.8
K02000001,United Kingdom,overview,2020-12-09,1753,13.3,16.4
K02000001,United Kingdom,overview,2020-12-08,1783,9.1,16.0
K02000001,United Kingdom,overview,2020-12-07,1660,6.1,15.6
K02000001,United Kingdom,overview,2020-12-06,1470,1.6,15.2
K02000001,United Kingdom,overview,2020-12-05,1378,-0.3,15.1
K02000001,United Kingdom,overview,2020-12-04,1433,-4.1,14.9
K02000001,United Kingdom,overview,2020-12-03,1502,-8.0,14.6
K02000001,United Kingdom,overview,2020-12-02,1487,-10.9,14.5
K02000001,United Kingdom,overview,2020-12-01,1491,-11.1,14.7
K02000001,United Kingdom,overview,2020-11-30,1404,-12.8,14.7
K02000001,United Kingdom,overview,2020-11-29,1384,-12.6,15.0
K02000001,United Kingdom,overview,2020-11-28,1220,-13.1,15.1
K02000001,United Kingdom,overview,2020-11-27,1280,-12.2,15.5
K02000001,United Kingdom,overview,2020-11-26,1424,-10.7,15.9
K02000001,United Kingdom,overview,2020-11-25,1613,-10.2,16.3
K02000001,United Kingdom,overview,2020-11-24,1495,-10.2,16.5
K02000001,United Kingdom,overview,2020-11-23,1587,-9.4,16.9
K02000001,United Kingdom,overview,2020-11-22,1488,-7.9,17.1
K02000001,United Kingdom,overview,2020-11-21,1460,-6.5,17.4
K02000001,United Kingdom,overview,2020-11-20,1547,-4.9,17.6
K02000001,United Kingdom,overview,2020-11-19,1685,-2.2,17.8
K02000001,United Kingdom,overview,2020-11-18,1782,2.4,18.1
K02000001,United Kingdom,overview,2020-11-17,1715,6.7,18.4
K02000001,United Kingdom,overview,2020-11-16,1768,11.0,18.6
K02000001,United Kingdom,overview,2020-11-15,1670,12.9,18.6
K02000001,United Kingdom,overview,2020-11-14,1612,15.2,18.6
K02000001,United Kingdom,overview,2020-11-13,1648,15.7,18.5
K02000001,United Kingdom,overview,2020-11-12,1914,13.9,18.2
K02000001,United Kingdom,overview,2020-11-11,1970,10.9,17.7
K02000001,United Kingdom,overview,2020-11-10,1847,10.1,17.3
K02000001,United Kingdom,overview,2020-11-09,1762,7.2,16.8
K02000001,United Kingdom,overview,2020-11-08,1687,5.7,16.5
K02000001,United Kingdom,overview,2020-11-07,1555,4.4,16.2
K02000001,United Kingdom,overview,2020-11-06,1414,5.6,16.0
K02000001,United Kingdom,overview,2020-11-05,1586,6.0,16.0
K02000001,United Kingdom,overview,2020-11-04,1677,9.4,16.0
K02000001,United Kingdom,overview,2020-11-03,1515,10.0,15.7
K02000001,United Kingdom,overview,2020-11-02,1566,13.3,15.6
K02000001,United Kingdom,overview,2020-11-01,1487,18.5,15.6
K02000001,United Kingdom,overview,2020-10-31,1458,22.4,15.5
K02000001,United Kingdom,overview,2020-10-30,1373,23.4,15.2
K02000001,United Kingdom,overview,2020-10-29,1584,28.3,15.1
K02000001,United Kingdom,overview,2020-10-28,1485,28.2,14.6
K02000001,United Kingdom,overview,2020-10-27,1489,29.9,14.3
K02000001,United Kingdom,overview,2020-10-26,1532,28.7,13.8
K02000001,United Kingdom,overview,2020-10-25,1420,26.3,13.1
K02000001,United Kingdom,overview,2020-10-24,1256,26.3,12.6
K02000001,United Kingdom,overview,2020-10-23,1290,28.7,12.3
K02000001,United Kingdom,overview,2020-10-22,1275,26.9,11.7
K02000001,United Kingdom,overview,2020-10-21,1258,30.2,11.4
K02000001,United Kingdom,overview,2020-10-20,1187,32.1,11.0
K02000001,United Kingdom,overview,2020-10-19,1094,36.5,10.7
K02000001,United Kingdom,overview,2020-10-18,1086,39.4,10.4
K02000001,United Kingdom,overview,2020-10-17,1025,39.6,10.0
K02000001,United Kingdom,overview,2020-10-16,911,38.7,9.6
K02000001,United Kingdom,overview,2020-10-15,1044,39.5,9.2
K02000001,United Kingdom,overview,2020-10-14,980,37.8,8.7
K02000001,United Kingdom,overview,2020-10-13,1022,38.4,8.3
K02000001,United Kingdom,overview,2020-10-12,884,40.8,7.9
K02000001,United Kingdom,overview,2020-10-11,823,40.6,7.5
K02000001,United Kingdom,overview,2020-10-10,720,47.0,7.2
K02000001,United Kingdom,overview,2020-10-09,703,49.5,6.9
K02000001,United Kingdom,overview,2020-10-08,711,50.9,6.6
K02000001,United Kingdom,overview,2020-10-07,684,49.8,6.3
K02000001,United Kingdom,overview,2020-10-06,722,43.2,6.0
K02000001,United Kingdom,overview,2020-10-05,623,37.5,5.6
K02000001,United Kingdom,overview,2020-10-04,628,34.6,5.3
K02000001,United Kingdom,overview,2020-10-03,531,26.1,4.9
K02000001,United Kingdom,overview,2020-10-02,528,23.5,4.6
K02000001,United Kingdom,overview,2020-10-01,525,23.6,4.4
K02000001,United Kingdom,overview,2020-09-30,452,27.9,4.2
K02000001,United Kingdom,overview,2020-09-29,440,34.8,4.2
K02000001,United Kingdom,overview,2020-09-28,443,35.7,4.1
K02000001,United Kingdom,overview,2020-09-27,340,40.0,3.9
K02000001,United Kingdom,overview,2020-09-26,351,42.0,3.9
K02000001,United Kingdom,overview,2020-09-25,383,40.4,3.7
K02000001,United Kingdom,overview,2020-09-24,422,36.0,3.6
K02000001,United Kingdom,overview,2020-09-23,421,30.2,3.3
K02000001,United Kingdom,overview,2020-09-22,350,28.4,3.1
K02000001,United Kingdom,overview,2020-09-21,369,30.4,3.0
K02000001,United Kingdom,overview,2020-09-20,289,32.7,2.8
K02000001,United Kingdom,overview,2020-09-19,260,36.7,2.7
K02000001,United Kingdom,overview,2020-09-18,262,42.7,2.7
K02000001,United Kingdom,overview,2020-09-17,263,49.5,2.6
K02000001,United Kingdom,overview,2020-09-16,284,55.4,2.5
K02000001,United Kingdom,overview,2020-09-15,270,55.9,2.4
K02000001,United Kingdom,overview,2020-09-14,255,55.1,2.3
K02000001,United Kingdom,overview,2020-09-13,226,51.4,2.1
K02000001,United Kingdom,overview,2020-09-12,216,51.9,2.0
K02000001,United Kingdom,overview,2020-09-11,231,45.4,1.9
K02000001,United Kingdom,overview,2020-09-10,218,38.9,1.7
K02000001,United Kingdom,overview,2020-09-09,202,29.2,1.6
K02000001,United Kingdom,overview,2020-09-08,184,24.6,1.6
K02000001,United Kingdom,overview,2020-09-07,142,20.5,1.5
K02000001,United Kingdom,overview,2020-09-06,138,14.3,1.4
K02000001,United Kingdom,overview,2020-09-05,130,7.2,1.3
K02000001,United Kingdom,overview,2020-09-04,153,9.9,1.3
K02000001,United Kingdom,overview,2020-09-03,145,11.9,1.3
K02000001,United Kingdom,overview,2020-09-02,146,21.5,1.3
K02000001,United Kingdom,overview,2020-09-01,134,22.5,1.2
K02000001,United Kingdom,overview,2020-08-31,91,19.0,1.2
K02000001,United Kingdom,overview,2020-08-30,77,18.2,1.2
K02000001,United Kingdom,overview,2020-08-29,110,16.7,1.2
K02000001,United Kingdom,overview,2020-08-28,137,7.2,1.2
K02000001,United Kingdom,overview,2020-08-27,152,4.3,1.1
K02000001,United Kingdom,overview,2020-08-26,132,-7.3,1.0
K02000001,United Kingdom,overview,2020-08-25,121,-7.9,1.0
K02000001,United Kingdom,overview,2020-08-24,91,-4.6,1.0
K02000001,United Kingdom,overview,2020-08-23,74,-2.5,1.0
K02000001,United Kingdom,overview,2020-08-22,72,-5.1,1.0
K02000001,United Kingdom,overview,2020-08-21,109,-6.8,1.1
K02000001,United Kingdom,overview,2020-08-20,98,-9.3,1.1
K02000001,United Kingdom,overview,2020-08-19,115,-1.7,1.1
K02000001,United Kingdom,overview,2020-08-18,130,-8.2,1.1
K02000001,United Kingdom,overview,2020-08-17,96,-11.7,1.1
K02000001,United Kingdom,overview,2020-08-16,80,-15.4,1.1
K02000001,United Kingdom,overview,2020-08-15,99,-11.0,1.1
K02000001,United Kingdom,overview,2020-08-14,102,-4.4,1.2
K02000001,United Kingdom,overview,2020-08-13,130,-2.5,1.2
K02000001,United Kingdom,overview,2020-08-12,101,-9.5,1.1
K02000001,United Kingdom,overview,2020-08-11,114,-3.9,1.2
K02000001,United Kingdom,overview,2020-08-10,86,-1.2,1.2
K02000001,United Kingdom,overview,2020-08-09,106,-0.7,1.3
K02000001,United Kingdom,overview,2020-08-08,141,-4.1,1.2
K02000001,United Kingdom,overview,2020-08-07,116,-4.6,1.2
K02000001,United Kingdom,overview,2020-08-06,101,-9.5,1.2
K02000001,United Kingdom,overview,2020-08-05,140,-12.6,1.3
K02000001,United Kingdom,overview,2020-08-04,128,-15.7,1.3
K02000001,United Kingdom,overview,2020-08-03,110,-17.2,1.2
K02000001,United Kingdom,overview,2020-08-02,93,-15.2,1.3
K02000001,United Kingdom,overview,2020-08-01,128,-15.0,1.3
K02000001,United Kingdom,overview,2020-07-31,114,-14.8,1.3
K02000001,United Kingdom,overview,2020-07-30,132,-9.1,1.3
K02000001,United Kingdom,overview,2020-07-29,132,1.3,1.4
K02000001,United Kingdom,overview,2020-07-28,119,3.1,1.5
K02000001,United Kingdom,overview,2020-07-27,130,-2.2,1.5
K02000001,United Kingdom,overview,2020-07-26,109,-7.5,1.5
K02000001,United Kingdom,overview,2020-07-25,119,-4.9,1.5
K02000001,United Kingdom,overview,2020-07-24,158,-12.1,1.5
K02000001,United Kingdom,overview,2020-07-23,200,-15.7,1.5
K02000001,United Kingdom,overview,2020-07-22,158,-21.7,1.4
K02000001,United Kingdom,overview,2020-07-21,126,-23.7,1.4
K02000001,United Kingdom,overview,2020-07-20,130,-20.8,1.5
K02000001,United Kingdom,overview,2020-07-19,126,-17.2,1.6
K02000001,United Kingdom,overview,2020-07-18,105,-23.0,1.6
K02000001,United Kingdom,overview,2020-07-17,144,-19.2,1.7
K02000001,United Kingdom,overview,2020-07-16,166,-19.2,1.8
K02000001,United Kingdom,overview,2020-07-15,166,-16.2,1.8
K02000001,United Kingdom,overview,2020-07-14,185,-16.8,1.9
K02000001,United Kingdom,overview,2020-07-13,189,-19.2,1.9
K02000001,United Kingdom,overview,2020-07-12,114,-19.0,2.0
K02000001,United Kingdom,overview,2020-07-11,177,-14.6,2.1
K02000001,United Kingdom,overview,2020-07-10,176,-17.4,2.1
K02000001,United Kingdom,overview,2020-07-09,213,-21.0,2.2
K02000001,United Kingdom,overview,2020-07-08,208,-25.1,2.2
K02000001,United Kingdom,overview,2020-07-07,214,-25.8,2.3
K02000001,United Kingdom,overview,2020-07-06,204,-24.3,2.4
K02000001,United Kingdom,overview,2020-07-05,196,-29.4,2.4
K02000001,United Kingdom,overview,2020-07-04,202,-31.3,2.4
K02000001,United Kingdom,overview,2020-07-03,214,-26.7,2.6
K02000001,United Kingdom,overview,2020-07-02,217,-21.2,2.7
K02000001,United Kingdom,overview,2020-07-01,269,-19.3,2.9
K02000001,United Kingdom,overview,2020-06-30,295,-17.4,3.1
K02000001,United Kingdom,overview,2020-06-29,220,-17.7,3.2
K02000001,United Kingdom,overview,2020-06-28,208,-12.5,3.4
K02000001,United Kingdom,overview,2020-06-27,287,-12.0,3.5
K02000001,United Kingdom,overview,2020-06-26,340,-17.1,3.5
K02000001,United Kingdom,overview,2020-06-25,324,-18.8,3.5
K02000001,United Kingdom,overview,2020-06-24,368,-17.3,3.6
K02000001,United Kingdom,overview,2020-06-23,363,-17.4,3.7
K02000001,United Kingdom,overview,2020-06-22,394,-15.4,3.8
K02000001,United Kingdom,overview,2020-06-21,288,-13.1,3.9
K02000001,United Kingdom,overview,2020-06-20,257,-11.8,4.0
K02000001,United Kingdom,overview,2020-06-19,336,-8.3,4.2
K02000001,United Kingdom,overview,2020-06-18,403,-8.9,4.3
K02000001,United Kingdom,overview,2020-06-17,432,-10.9,4.4
K02000001,United Kingdom,overview,2020-06-16,455,-11.7,4.5
K02000001,United Kingdom,overview,2020-06-15,440,-15.0,4.5
K02000001,United Kingdom,overview,2020-06-14,364,-20.1,4.5
K02000001,United Kingdom,overview,2020-06-13,385,-21.4,4.6
K02000001,United Kingdom,overview,2020-06-12,392,-24.1,4.6
K02000001,United Kingdom,overview,2020-06-11,446,-24.6,4.7
K02000001,United Kingdom,overview,2020-06-10,513,-24.2,4.9
K02000001,United Kingdom,overview,2020-06-09,492,-22.9,5.1
K02000001,United Kingdom,overview,2020-06-08,412,-19.4,5.3
K02000001,United Kingdom,overview,2020-06-07,408,-15.0,5.6
K02000001,United Kingdom,overview,2020-06-06,406,-13.5,5.8
K02000001,United Kingdom,overview,2020-06-05,475,-11.3,6.0
K02000001,United Kingdom,overview,2020-06-04,565,-10.7,6.3
K02000001,United Kingdom,overview,2020-06-03,633,-10.5,6.5
K02000001,United Kingdom,overview,2020-06-02,668,-11.4,6.6
K02000001,United Kingdom,overview,2020-06-01,604,-14.0,6.6
K02000001,United Kingdom,overview,2020-05-31,528,-17.9,6.6
K02000001,United Kingdom,overview,2020-05-30,568,-19.9,6.7
K02000001,United Kingdom,overview,2020-05-29,614,-20.9,6.8
K02000001,United Kingdom,overview,2020-05-28,702,-20.6,7.0
K02000001,United Kingdom,overview,2020-05-27,712,-19.2,7.2
K02000001,United Kingdom,overview,2020-05-26,698,-18.4,7.4
K02000001,United Kingdom,overview,2020-05-25,602,-16.8,7.7
K02000001,United Kingdom,overview,2020-05-24,587,-15.3,8.1
K02000001,United Kingdom,overview,2020-05-23,643,-13.7,8.4
K02000001,United Kingdom,overview,2020-05-22,739,-12.9,8.6
K02000001,United Kingdom,overview,2020-05-21,841,-11.4,8.8
K02000001,United Kingdom,overview,2020-05-20,851,-13.7,8.9
K02000001,United Kingdom,overview,2020-05-19,881,-15.0,9.1
K02000001,United Kingdom,overview,2020-05-18,848,-15.5,9.3
K02000001,United Kingdom,overview,2020-05-17,792,-15.5,9.5
K02000001,United Kingdom,overview,2020-05-16,813,-16.9,9.7
K02000001,United Kingdom,overview,2020-05-15,871,-17.8,9.9
K02000001,United Kingdom,overview,2020-05-14,909,-20.7,10.0
K02000001,United Kingdom,overview,2020-05-13,966,-20.3,10.3
K02000001,United Kingdom,overview,2020-05-12,983,-20.2,10.7
K02000001,United Kingdom,overview,2020-05-11,1029,-21.6,10.9
K02000001,United Kingdom,overview,2020-05-10,915,-21.7,11.3
K02000001,United Kingdom,overview,2020-05-09,943,-20.2,11.7
K02000001,United Kingdom,overview,2020-05-08,910,-18.4,12.0
K02000001,United Kingdom,overview,2020-05-07,1164,-17.1,12.6
K02000001,United Kingdom,overview,2020-05-06,1206,-14.9,13.0
K02000001,United Kingdom,overview,2020-05-05,1146,-12.4,13.4
K02000001,United Kingdom,overview,2020-05-04,1250,-10.5,14.0
K02000001,United Kingdom,overview,2020-05-03,1188,-9.5,14.4
K02000001,United Kingdom,overview,2020-05-02,1180,-10.5,14.6
K02000001,United Kingdom,overview,2020-05-01,1262,-12.8,14.8
K02000001,United Kingdom,overview,2020-04-30,1443,-13.8,15.2
K02000001,United Kingdom,overview,2020-04-29,1489,-16.7,15.3
K02000001,United Kingdom,overview,2020-04-28,1517,-18.8,15.3
K02000001,United Kingdom,overview,2020-04-27,1538,-19.6,15.6
K02000001,United Kingdom,overview,2020-04-26,1355,-20.7,15.9
K02000001,United Kingdom,overview,2020-04-25,1255,-20.8,16.4
K02000001,United Kingdom,overview,2020-04-24,1525,-21.2,16.9
K02000001,United Kingdom,overview,2020-04-23,1513,-20.8,17.6
K02000001,United Kingdom,overview,2020-04-22,1527,-20.8,18.3
K02000001,United Kingdom,overview,2020-04-21,1713,-23.8,18.9
K02000001,United Kingdom,overview,2020-04-20,1737,-26.3,19.4
K02000001,United Kingdom,overview,2020-04-19,1657,-27.5,20.0
K02000001,United Kingdom,overview,2020-04-18,1629,-28.6,20.7
K02000001,United Kingdom,overview,2020-04-17,1966,-28.7,21.5
K02000001,United Kingdom,overview,2020-04-16,2011,-27.9,22.2
K02000001,United Kingdom,overview,2020-04-15,1880,-27.2,23.1
K02000001,United Kingdom,overview,2020-04-14,2088,-24.2,24.8
K02000001,United Kingdom,overview,2020-04-13,2161,-18.1,26.3
K02000001,United Kingdom,overview,2020-04-12,2066,-14.6,27.7
K02000001,United Kingdom,overview,2020-04-11,2162,-8.9,28.9
K02000001,United Kingdom,overview,2020-04-10,2463,-1.9,30.1
K02000001,United Kingdom,overview,2020-04-09,2628,3.9,30.8
K02000001,United Kingdom,overview,2020-04-08,2967,15.1,31.8
K02000001,United Kingdom,overview,2020-04-07,3149,28.7,32.7
K02000001,United Kingdom,overview,2020-04-06,3046,35.8,32.2
K02000001,United Kingdom,overview,2020-04-05,2916,55.5,32.4
K02000001,United Kingdom,overview,2020-04-04,2921,2121000.0,31.8
K02000001,United Kingdom,overview,2020-04-03,2930,2048000.0,30.7
K02000001,United Kingdom,overview,2020-04-02,3284,1977700.0,29.6
K02000001,United Kingdom,overview,2020-04-01,3565,1842200.0,27.6
K02000001,United Kingdom,overview,2020-03-31,2832,1694200.0,25.4
K02000001,United Kingdom,overview,2020-03-30,3190,1583000.0,23.7
K02000001,United Kingdom,overview,2020-03-29,2489,1391300.0,20.8
K02000001,United Kingdom,overview,2020-03-28,2191,,
K02000001,United Kingdom,overview,2020-03-27,2227,,
K02000001,United Kingdom,overview,2020-03-26,1929,,
K02000001,United Kingdom,overview,2020-03-25,2085,,
K02000001,United Kingdom,overview,2020-03-24,1720,,
K02000001,United Kingdom,overview,2020-03-23,1273,,
